<project name="run-tools file" basedir="." default="runClient">
     <target name="runClient" depends="checkGlobus, defineClasspaths" description="Run the sample Client">
        <property name="service.url" value="https://localhost:8443/ctom-wsrf/services/cagrid/StudyLookupService" />
        <echo message="Connecting to service: ${service.url}" />
        <java classname="gov.nih.nci.cagrid.labviewer.grid.client.StudyLookupServiceClient" classpathref="run.classpath" fork="yes">
            <jvmarg value="-DGLOBUS_LOCATION=${ext.globus.dir}" />
            <arg value="-url" />
            <arg value="${service.url}" />
        </java>
    </target>
</project>