<?xml version="1.0" encoding="UTF-8"?>
<!-- section='HM' subSection='PO' realm='UV' artifact='MT-deprecated' domain='RT' xmlns:mif='urn:hl7-org:v3/mif' version='01' root='DEFN'-->
<ClinicalTrial xmlns="urn:hl7-org:v3" xmlns:xsi="http://www.w3.org/2001/XMLSchema-instance" classCode="CLNTRL" moodCode="EVN">
   <id assigningAuthorityName="NCI" extension="04_C_0132" root="db762d64-e213-4bf9-9f9b-bccd36be56e732" xsi:type="II"/>
   <title xsi:type="ST">RANDOMIZED PHASE I/II STUDY OF VACCINIA-CEA(6D)-TRICOM AND FOWLPOX-(6D)-TRICOM WITH GM-CSF IN COMBINATION WITH DOCETAXEL IN PATIENTS WITH CEA-BEARING CANCERS</title>
   <component typeCode="COMP" contextConductionInd="true">
      <trialAtSite classCode="CLNTRL" moodCode="EVN">
         <location typeCode="LOC" contextControlCode="OP">
            <trialSite classCode="SDLOC">
               <id extension="1" root="2.16.840.1.113883.19" xsi:type="II"/>
            </trialSite>
         </location>
         <component typeCode="COMP" contextConductionInd="true">
            <investigatorAtSite classCode="CLNTRL" moodCode="EVN">
               <responsibleParty typeCode="RESP" contextControlCode="OP">
                  <trialInvestigator classCode="CRINV">
                     <id assigningAuthorityName="PlaceHolder" extension="PlaceHolder" root="2.16.840.1.113883.19" xsi:type="II"/>
                     <investigatorNamedPerson classCode="PSN" determinerCode="INSTANCE">
                        <name xsi:type="TN">PlaceHolder</name>
                     </investigatorNamedPerson>
                  </trialInvestigator>
               </responsibleParty>
               <component typeCode="COMP" contextConductionInd="true">
                  <subjectAssignment classCode="CLNTRL" moodCode="EVN">
                     <recordTarget typeCode="RCT" contextControlCode="OP">
                        <enrolledSubject classCode="RESBJ">
                           <id extension="32-71-13-33" root="2.16.840.1.113883.19" xsi:type="II"/>
                           <subjectPerson classCode="PSN" determinerCode="INSTANCE">
                              <name xsi:type="PN">
                                 <suffix/>
                                 <family>Castillo</family>
                                 <given>Peggy</given>
                                 <prefix/>
                              </name>
                              <administrativeGenderCode codeSystem="2.16.840.1.113883.19" code="M" xsi:type="CV"/>
                              <birthTime value="19951201" xsi:type="TS"/>
                              <asSpareSubject classCode="RESBJ">
                                 <id extension="32-71-13-33" root="2.16.840.1.113883.19" xsi:type="II"/>
                              </asSpareSubject>
                           </subjectPerson>
                        </enrolledSubject>
                     </recordTarget>
                     <component typeCode="COMP" contextConductionInd="true">
                        <studyEvent classCode="CTTEVENT" moodCode="EVN">
                           <code codeSystem="2.16.840.1.113883.19" code="33433342" xsi:type="CV"/>
                           <component typeCode="COMP" contextConductionInd="true">
                              <accession classCode="ACSN" moodCode="EVN">
                                 <author typeCode="AUT" contextControlCode="OP">
                                    <agent classCode="AGNT">
                                       <representedLaboratory classCode="ORG" determinerCode="INSTANCE">
                                          <id extension="1" root="2.16.840.1.113883.19" xsi:type="II"/>
                                       </representedLaboratory>
                                    </agent>
                                 </author>
                                 <component typeCode="COMP" contextConductionInd="true">
                                    <baseSpecimenDefinition classCode="ACT" moodCode="EVN">
                                       <subject typeCode="SBJ" contextControlCode="OP">
                                          <baseSpecimen classCode="SPEC">
                                             <productOf typeCode="PRD" contextControlCode="OP">
                                                <specimenCollectionProcedure classCode="PROC" moodCode="EVN">
                                                   <effectiveTime operator="I" xsi:type="IVL_TS">
                                                      <low inclusive="true" value="20071030013200"/>
                                                   </effectiveTime>
                                                </specimenCollectionProcedure>
                                             </productOf>
                                          </baseSpecimen>
                                       </subject>
                                       <component typeCode="COMP" contextConductionInd="true">
                                          <baseBattery classCode="OBS" moodCode="EVN">
                                             <component typeCode="COMP" contextConductionInd="true">
                                                <baseUnitaryResult classCode="OBS" moodCode="EVN">
                                                   <code codeSystem="2.16.840.1.113883.19" displayName="SPECIMEN DESCRIPTION" code="6907557" xsi:type="CV"/>
                                                   <text mediaType="text/plain" representation="TXT" integrityCheckAlgorithm="SHA-1" xsi:type="ED">PLASMA</text>
                                                   <statusCode code="completed"/>
                                                   <performer typeCode="PRF" contextControlCode="OP">
                                                      <agent classCode="AGNT">
                                                         <representedLaboratory classCode="ORG" determinerCode="INSTANCE">
                                                            <id extension="1" root="2.16.840.1.113883.19" xsi:type="II"/>
                                                         </representedLaboratory>
                                                      </agent>
                                                   </performer>
                                                </baseUnitaryResult>
                                             </component>
                                          </baseBattery>
                                       </component>
                                       <component typeCode="COMP" contextConductionInd="true">
                                          <baseBattery classCode="OBS" moodCode="EVN">
                                             <component typeCode="COMP" contextConductionInd="true">
                                                <baseUnitaryResult classCode="OBS" moodCode="EVN">
                                                   <code codeSystem="2.16.840.1.113883.19" displayName="HUMAN HERPES VIRUS 6" code="6907555" xsi:type="CV"/>
                                                   <text mediaType="text/plain" representation="TXT" integrityCheckAlgorithm="SHA-1" xsi:type="ED">_NEGATIVE: human herpes virus 6 DNA not detected in this specimen.\.br\ \.br\ REFERENCES:\.br\ 1. Cone, R.W., M.L.W.Huang, R. Ashley, and L.Corey. 1993. Human Herpesvirus 6 DNA in Peripheral Blood Cells and Saliva from Immunocompetent Individuals. J.  Clin. Microbiol. 31:1262-1267.\.br\ \.br\ 2. Hall,C.B., C.E. Long, K.C.Schnabel, M.T.Caserta, K.M.McIntyre, M.A.Constanzo, A.Knott, S.Dewhurst, R.A.Insel and L.G.Epstein. 1994. Human Herpesvirus 6 Infection in Children. A prospective study of Complications and Reactivation. New England Jounal of Medicine 331:432-438.\.br\</text>
                                                   <statusCode code="completed"/>
                                                   <performer typeCode="PRF" contextControlCode="OP">
                                                      <agent classCode="AGNT">
                                                         <representedLaboratory classCode="ORG" determinerCode="INSTANCE">
                                                            <id extension="1" root="2.16.840.1.113883.19" xsi:type="II"/>
                                                         </representedLaboratory>
                                                      </agent>
                                                   </performer>
                                                </baseUnitaryResult>
                                             </component>
                                          </baseBattery>
                                       </component>
                                       <component typeCode="COMP" contextConductionInd="true">
                                          <baseBattery classCode="OBS" moodCode="EVN">
                                             <component typeCode="COMP" contextConductionInd="true">
                                                <baseUnitaryResult classCode="OBS" moodCode="EVN">
                                                   <code codeSystem="2.16.840.1.113883.19" displayName="HUMAN HERPES VIRUS 6" code="6907555" xsi:type="CV"/>
                                                   <text mediaType="text/plain" representation="TXT" integrityCheckAlgorithm="SHA-1" xsi:type="ED">\.br\ 3. Zerr DM, Huang ML, Corey L, Erickson M, Parker HL, and Frenkel LM. 2000.  Sensitive Method for Detection of Human Herpesvirus 6 and 7 in Saliva Collected in Field Studies. J. Clin. Microbio. 38:5:1981-1983.\.br\ \.br\</text>
                                                   <statusCode code="completed"/>
                                                   <performer typeCode="PRF" contextControlCode="OP">
                                                      <agent classCode="AGNT">
                                                         <representedLaboratory classCode="ORG" determinerCode="INSTANCE">
                                                            <id extension="1" root="2.16.840.1.113883.19" xsi:type="II"/>
                                                         </representedLaboratory>
                                                      </agent>
                                                   </performer>
                                                </baseUnitaryResult>
                                             </component>
                                          </baseBattery>
                                       </component>
                                    </baseSpecimenDefinition>
                                 </component>
                              </accession>
                           </component>
                        </studyEvent>
                     </component>
                  </subjectAssignment>
               </component>
            </investigatorAtSite>
         </component>
      </trialAtSite>
   </component>
</ClinicalTrial>
