<?xml version="1.0" encoding="UTF-8"?>
<ClinicalTrial xmlns="urn:hl7-org:v3" xmlns:xsi="http://www.w3.org/2001/XMLSchema-instance" classCode="CLNTRL" moodCode="EVN">
   <id root="db762d64-e213-4bf9-9f9b-bccd36be56e2" extension="CDR0000078234" assigningAuthorityName="NCI"/>
   <title representation="TXT" mediaType="text/plain">Test Study</title>
   <component typeCode="COMP" contextConductionInd="true">
      <trialAtSite classCode="CLNTRL" moodCode="EVN">
         <location typeCode="LOC" contextControlCode="OP">
            <trialSite classCode="SDLOC">
               <id root="26eea1eb-e603-4cce-9b41-0edaa23b79c7" extension="duke healthcare nci" assigningAuthorityName="placeholder"/>
            </trialSite>
         </location>
         <component typeCode="COMP" contextConductionInd="true">
            <investigatorAtSite classCode="CLNTRL" moodCode="EVN">
               <responsibleParty typeCode="RESP" contextControlCode="OP">
                  <trialInvestigator classCode="CRINV">
                     <id root="2.16.840.1.113883.19" extension="PlaceHolder" assigningAuthorityName="PlaceHolder"/>
                     <investigatorNamedPerson classCode="PSN" determinerCode="INSTANCE">
                        <name>PlaceHolder</name>
                     </investigatorNamedPerson>
                  </trialInvestigator>
               </responsibleParty>
               <component typeCode="COMP" contextConductionInd="true">
                  <subjectAssignment classCode="CLNTRL" moodCode="EVN">
                     <recordTarget typeCode="RCT" contextControlCode="OP">
                        <enrolledSubject classCode="RESBJ">
                           <id root="50113a1a-4c3e-4418-8c37-7383cba1aaf8" extension="MRN-1212332" assigningAuthorityName="Georgetown University Hospital"/>
                           <subjectPerson classCode="PSN" determinerCode="INSTANCE">
                              <asSpareSubject classCode="RESBJ">
                                 <id root="50113a1a-4c3e-4418-8c37-7383cba1aaf8" extension="MRN-1212332"/>
                              </asSpareSubject>
                           </subjectPerson>
                        </enrolledSubject>
                     </recordTarget>
                     <component typeCode="COMP" contextConductionInd="true">
                        <studyEvent classCode="CTTEVENT" moodCode="EVN">
                           <code code="placeholder" codeSystem="2.16.840.1.113883.19"/>
                           <component typeCode="COMP" contextConductionInd="true">
                              <accession classCode="ACSN" moodCode="EVN">
                                 <author typeCode="AUT" contextControlCode="OP">
                                    <agent classCode="AGNT">
                                       <representedLaboratory classCode="ORG" determinerCode="INSTANCE">
                                          <id root="2.16.840.1.113883.19" extension="1" assigningAuthorityName="placeholder"/>
                                       </representedLaboratory>
                                    </agent>
                                 </author>
                                 <component typeCode="COMP" contextConductionInd="true">
                                    <baseSpecimenDefinition classCode="ACT" moodCode="EVN">
                                       <subject typeCode="SBJ" contextControlCode="OP">
                                          <baseSpecimen classCode="SPEC">
                                             <productOf typeCode="PRD" contextControlCode="OP">
                                                <specimenCollectionProcedure classCode="PROC" moodCode="EVN">
                                                   <effectiveTime xsi:type="IVL_TS">
                                                      <low value="200709221155"/>
                                                      <high value="200709221155"/>
                                                   </effectiveTime>
                                                </specimenCollectionProcedure>
                                             </productOf>
                                          </baseSpecimen>
                                       </subject>
                                       <component typeCode="COMP" contextConductionInd="true">
                                          <baseBattery classCode="OBS" moodCode="EVN">
                                             <code code="placeholder" codeSystem="2.16.840.1.113883.19"/>
                                             <component typeCode="COMP" contextConductionInd="true">
                                                <baseUnitaryResult classCode="OBS" moodCode="EVN">
                                                   <code code="BASO_PCT_BLD" displayName="BASO %" codeSystem="2.16.840.1.113883.19" codeSystemName="C3D"/>
                                                   <statusCode code="completed"/>
                                                   <value value="1.5" unit="%"/>
                                                   <performer typeCode="PRF" contextControlCode="OP">
                                                      <agent classCode="AGNT">
                                                         <representedLaboratory classCode="ORG" determinerCode="INSTANCE">
                                                            <id root="2.16.840.1.113883.19" extension="1" assigningAuthorityName="placeholder"/>
                                                         </representedLaboratory>
                                                      </agent>
                                                   </performer>
                                                   <referenceRange typeCode="REFV" contextConductionInd="true">
                                                      <range classCode="OBS" moodCode="EVN">
                                                         <value xsi:type="IVL_PQ">
                                                            <low value="0" unit="%"/>
                                                            <high value="2" unit="%"/>
                                                         </value>
                                                      </range>
                                                   </referenceRange>
                                                </baseUnitaryResult>
                                             </component>
                                          </baseBattery>
                                       </component>
                                    </baseSpecimenDefinition>
                                 </component>
                              </accession>
                           </component>
                        </studyEvent>
                     </component>
                  </subjectAssignment>
               </component>
            </investigatorAtSite>
         </component>
      </trialAtSite>
   </component>
</ClinicalTrial>
