<project name="run-tools file" basedir="." default="runClient">
     <target name="runClient" depends="checkGlobus, defineClasspaths" description="Run the sample Client">
        <property name="service.url" value="http://localhost:8080/wsrf/services/cagrid/StudyConsumer" />
        <echo message="Connecting to service: ${service.url}" />
        <java classname="gov.nih.nci.ccts.grid.client.StudyConsumerClient" classpathref="run.classpath" fork="yes">
            <jvmarg value="-DGLOBUS_LOCATION=${ext.globus.dir}" />
            <arg value="-url" />
            <arg value="${service.url}" />
        </java>
    </target>
</project>