<?xml version="1.0" encoding="UTF-8"?>
<registration xmlns="gme://ccts.cabig/1.0/gov.nih.nci.cabig.ccts.domain"
        gridId="sampleRegistration">
	<studySite gridId="26eea1eb-e603-4cce-9b41-0edaa23b79f5QP">
		<healthcareSite gridId="WF GRID ID5T">
			<nciInstituteCode>duke healthcare nci</nciInstituteCode>
		</healthcareSite>
		<irbApprovalDate>2007-10-01T00:00:00.000-04:00</irbApprovalDate>
		<roleCode>Affiliate Site</roleCode>
		<startDate>2007-10-01T00:00:00.000-04:00</startDate>
	</studySite>
	<studyRef gridId="db762d64-e213-4bf9-9f9b-bccd36be56f5QP">
		<shortTitleText>Combination Chemotherapy NHL</shortTitleText>
		<longTitleText>Infusional Chemotherapy in Previously Untreated Patients With Intermediate Or Aggressive Non-Hodgkin's Lymphoma: A Study of Dose-Intense Therapy With Cytokines.</longTitleText>
		<identifier
			xmlns:xsi="http://www.w3.org/2001/XMLSchema-instance"
			type="CDR0000078235FQP" xsi:type="OrganizationAssignedIdentifierType">
			<type>Coordinating Center Identifier</type>
			<value>CDR0000078235FQP</value>
			<primaryIndicator>true</primaryIndicator>
			<healthcareSite gridId="WF GRID ID5QP">
				<nciInstituteCode>duke healthcare nci5Q</nciInstituteCode>
			</healthcareSite>
		</identifier>
		<identifier
			xmlns:xsi="http://www.w3.org/2001/XMLSchema-instance"
			type="NCT00018980" xsi:type="OrganizationAssignedIdentifierType">
			<type>Protocol Authority Identifier</type>
			<value>NCT00018980</value>
			<primaryIndicator>false</primaryIndicator>
			<healthcareSite>
				<nciInstituteCode>NCCTG</nciInstituteCode>
			</healthcareSite>
		</identifier>
	</studyRef>
	<participant
		xmlns:ns1="gme://ccts.cabig/1.0/gov.nih.nci.cabig.ccts.domain"
		ns1:gridId="50113a1a-4c3e-4418-8c37-7383cba1aafQP">
		<ns1:gridId>50113a1a-4c3e-4418-8c37-7383cba1aafQP</ns1:gridId>
		<ns1:firstName>Geoge</ns1:firstName>
		<ns1:lastName>Elliot</ns1:lastName>
		<ns1:address />
		<ns1:administrativeGenderCode>Male</ns1:administrativeGenderCode>
		<ns1:birthDate>1971-01-01</ns1:birthDate>
            <ns1:identifier
			xmlns:xsi="http://www.w3.org/2001/XMLSchema-instance"
			type="MRN-1212339"
			xsi:type="ns1:OrganizationAssignedIdentifierType">
			<ns1:type>MRN</ns1:type>
			<ns1:value>MRN-1212335QP</ns1:value>
			<ns1:primaryIndicator>true</ns1:primaryIndicator>
			<ns1:healthcareSite gridId="WF GRID IDQP">
				<ns1:nciInstituteCode>Wake</ns1:nciInstituteCode>
			</ns1:healthcareSite>
		</ns1:identifier>
		<ns1:ethnicGroupCode>Hispanic or Latino</ns1:ethnicGroupCode>
		<ns1:raceCode>Asian</ns1:raceCode>
	</participant>
	<startDate>2008-01-07</startDate>
	<informedConsentFormSignedDate>2008-01-07</informedConsentFormSignedDate>
	<informedConsentVersion>1.0</informedConsentVersion>
	<regDataEntryStatus>COMPLETE</regDataEntryStatus>
	<regWorkflowStatus>REGISTERED</regWorkflowStatus>
	<scheduledEpoch
		xmlns:xsi="http://www.w3.org/2001/XMLSchema-instance"
		xsi:type="ScheduledTreatmentEpochType">
		<startDate>2008-01-07</startDate>
		<epoch gridId="3ad38cfd-bfbe-4af2-9783-c69169f8f245QP"
			xsi:type="TreatmentEpochType">
			<name>Drug Treatment</name>
			<descriptionText></descriptionText>
		</epoch>
		<scheduledArm>
			<arm gridId="de3a0ef0-1f02-4da6-afdc-cc9042cdb595QP">
				<name>Arm Q</name>
				<targetAccrualNumber>300</targetAccrualNumber>
			</arm>
		</scheduledArm>
		<eligibilityIndicator>true</eligibilityIndicator>
	</scheduledEpoch>
	<stratumGroup>3:between 20 and 45 - &lt;120</stratumGroup>
</registration>